,symbol,timestamp,timestamp_sec,price
0,SRTY,2020-05-19T08:31:11.428536,30671.428536,15.428100
1,SRTY,2020-05-19T08:31:14.463598,30674.463598,15.400000
2,SRTY,2020-05-19T08:31:17.347190,30677.34719,15.380000
3,SRTY,2020-05-19T08:31:20.215339,30680.215339,15.380000
4,SRTY,2020-05-19T08:31:23.078813,30683.078813,15.370000
5,SRTY,2020-05-19T08:31:25.937837,30685.937837,15.370000
6,SRTY,2020-05-19T08:31:28.802961,30688.802961,15.410000
7,SRTY,2020-05-19T08:31:31.670219,30691.670219,15.420000
8,SRTY,2020-05-19T08:31:34.537983,30694.537983,15.420000
9,SRTY,2020-05-19T08:31:37.408465,30697.408465,15.420000
10,SRTY,2020-05-19T08:31:40.275280,30700.27528,15.420000
11,SRTY,2020-05-19T08:31:43.143361,30703.143361,15.390000
12,SRTY,2020-05-19T08:31:46.003355,30706.003355,15.390000
13,SRTY,2020-05-19T08:31:48.862407,30708.862407,15.365000
14,SRTY,2020-05-19T08:31:51.724699,30711.724699,15.365000
15,SRTY,2020-05-19T08:31:54.583834,30714.583834,15.365000
16,SRTY,2020-05-19T08:31:57.445949,30717.445949,15.370000
17,SRTY,2020-05-19T08:32:00.315424,30720.315424,15.390000
18,SRTY,2020-05-19T08:32:03.197411,30723.197411,15.390000
19,SRTY,2020-05-19T08:32:06.129475,30726.129475,15.340000
20,SRTY,2020-05-19T08:32:09.006227,30729.006227,15.320000
21,SRTY,2020-05-19T08:32:11.874303,30731.874303,15.330000
22,SRTY,2020-05-19T08:32:14.732788,30734.732788,15.290000
23,SRTY,2020-05-19T08:32:17.593850,30737.59385,15.300000
24,SRTY,2020-05-19T08:32:20.461950,30740.46195,15.300000
25,SRTY,2020-05-19T08:32:23.330066,30743.330066,15.285000
26,SRTY,2020-05-19T08:32:26.197190,30746.19719,15.285000
27,SRTY,2020-05-19T08:32:29.092814,30749.092814,15.285000
28,SRTY,2020-05-19T08:32:31.951288,30751.951288,15.305000
29,SRTY,2020-05-19T08:32:34.817202,30754.817202,15.370000
30,SRTY,2020-05-19T08:32:37.681979,30757.681979,15.360000
31,SRTY,2020-05-19T08:32:40.545375,30760.545375,15.360000
32,SRTY,2020-05-19T08:32:43.431646,30763.431646,15.320100
33,SRTY,2020-05-19T08:32:46.298851,30766.298851,15.329900
34,SRTY,2020-05-19T08:32:49.253462,30769.253462,15.329900
35,SRTY,2020-05-19T08:32:52.116202,30772.116202,15.310000
36,SRTY,2020-05-19T08:32:54.983245,30774.983245,15.270000
37,SRTY,2020-05-19T08:32:57.848717,30777.848717,15.270000
38,SRTY,2020-05-19T08:33:00.715440,30780.71544,15.280000
39,SRTY,2020-05-19T08:33:03.611937,30783.611937,15.280000
40,SRTY,2020-05-19T08:33:06.471088,30786.471088,15.242000
41,SRTY,2020-05-19T08:33:09.336179,30789.336179,15.242000
42,SRTY,2020-05-19T08:33:12.202207,30792.202207,15.260000
43,SRTY,2020-05-19T08:33:15.064257,30795.064257,15.275000
44,SRTY,2020-05-19T08:33:17.932223,30797.932223,15.275000
45,SRTY,2020-05-19T08:33:20.802294,30800.802294,15.290000
46,SRTY,2020-05-19T08:33:23.659864,30803.659864,15.310000
47,SRTY,2020-05-19T08:33:26.528077,30806.528077,15.310000
48,SRTY,2020-05-19T08:33:29.387237,30809.387237,15.300100
49,SRTY,2020-05-19T08:33:32.249805,30812.249805,15.290000
50,SRTY,2020-05-19T08:33:35.115654,30815.115654,15.290000
51,SRTY,2020-05-19T08:33:37.979322,30817.979322,15.310000
52,SRTY,2020-05-19T08:33:40.842503,30820.842503,15.290000
53,SRTY,2020-05-19T08:33:43.703245,30823.703245,15.242000
54,SRTY,2020-05-19T08:33:46.575031,30826.575031,15.242000
55,SRTY,2020-05-19T08:33:49.439460,30829.43946,15.242000
56,SRTY,2020-05-19T08:33:52.307535,30832.307535,15.250000
57,SRTY,2020-05-19T08:33:55.165205,30835.165205,15.245000
58,SRTY,2020-05-19T08:33:58.051261,30838.051261,15.245000
59,SRTY,2020-05-19T08:34:00.928499,30840.928499,15.260000
60,SRTY,2020-05-19T08:34:03.821621,30843.821621,15.260000
61,SRTY,2020-05-19T08:34:06.690367,30846.690367,15.260000
62,SRTY,2020-05-19T08:34:09.552173,30849.552173,15.350000
63,SRTY,2020-05-19T08:34:12.417171,30852.417171,15.344500
64,SRTY,2020-05-19T08:34:15.285637,30855.285637,15.340000
65,SRTY,2020-05-19T08:34:18.147095,30858.147095,15.340000
66,SRTY,2020-05-19T08:34:21.012444,30861.012444,15.330100
67,SRTY,2020-05-19T08:34:23.878951,30863.878951,15.360000
68,SRTY,2020-05-19T08:34:26.748645,30866.748645,15.360000
69,SRTY,2020-05-19T08:34:29.626105,30869.626105,15.360000
70,SRTY,2020-05-19T08:34:32.491843,30872.491843,15.440000
71,SRTY,2020-05-19T08:34:35.351914,30875.351914,15.440000
72,SRTY,2020-05-19T08:34:38.213485,30878.213485,15.440000
73,SRTY,2020-05-19T08:34:41.076961,30881.076961,15.425000
74,SRTY,2020-05-19T08:34:43.933256,30883.933256,15.425000
75,SRTY,2020-05-19T08:34:46.798213,30886.798213,15.410000
76,SRTY,2020-05-19T08:34:49.657572,30889.657572,15.440000
77,SRTY,2020-05-19T08:34:52.532878,30892.532878,15.460000
78,SRTY,2020-05-19T08:34:55.444648,30895.444648,15.460000
79,SRTY,2020-05-19T08:34:58.306566,30898.306566,15.479900
80,SRTY,2020-05-19T08:35:01.169692,30901.169692,15.460000
81,SRTY,2020-05-19T08:35:04.034852,30904.034852,15.475000
82,SRTY,2020-05-19T08:35:06.901361,30906.901361,15.470000
83,SRTY,2020-05-19T08:35:09.775307,30909.775307,15.480000
84,SRTY,2020-05-19T08:35:12.643628,30912.643628,15.500000
85,SRTY,2020-05-19T08:35:15.514652,30915.514652,15.500000
86,SRTY,2020-05-19T08:35:18.383582,30918.383582,15.500000
87,SRTY,2020-05-19T08:35:21.245146,30921.245146,15.480000
88,SRTY,2020-05-19T08:35:24.109708,30924.109708,15.470000
89,SRTY,2020-05-19T08:35:26.979881,30926.979881,15.470000
90,SRTY,2020-05-19T08:35:29.848538,30929.848538,15.470000
91,SRTY,2020-05-19T08:35:32.714617,30932.714617,15.470000
92,SRTY,2020-05-19T08:35:35.575580,30935.57558,15.435000
93,SRTY,2020-05-19T08:35:38.435347,30938.435347,15.450000
94,SRTY,2020-05-19T08:35:41.295036,30941.295036,15.420000
95,SRTY,2020-05-19T08:35:44.158215,30944.158215,15.410000
96,SRTY,2020-05-19T08:35:47.028416,30947.028416,15.410000
97,SRTY,2020-05-19T08:35:49.899308,30949.899308,15.400000
98,SRTY,2020-05-19T08:35:52.767395,30952.767395,15.400000
99,SRTY,2020-05-19T08:35:55.634716,30955.634716,15.400000
100,SRTY,2020-05-19T08:35:58.494489,30958.494489,15.420000
101,SRTY,2020-05-19T08:35:59.718599,30959.718599,15.420000
102,SRTY,2020-05-19T08:36:00.873958,30960.873958,15.420000
103,SRTY,2020-05-19T08:36:02.123328,30962.123328,15.420000
104,SRTY,2020-05-19T08:36:03.267539,30963.267539,15.420000
105,SRTY,2020-05-19T08:36:04.412732,30964.412732,15.420000
106,SRTY,2020-05-19T08:36:05.613841,30965.613841,15.420000
107,SRTY,2020-05-19T08:36:06.761582,30966.761582,15.420000
108,SRTY,2020-05-19T08:36:07.919198,30967.919198,15.420000
109,SRTY,2020-05-19T08:36:09.066694,30969.066694,15.420000
110,SRTY,2020-05-19T08:36:10.223081,30970.223081,15.422000
111,SRTY,2020-05-19T08:36:11.379272,30971.379272,15.422000
112,SRTY,2020-05-19T08:36:12.530422,30972.530422,15.440000
113,SRTY,2020-05-19T08:36:13.686469,30973.686469,15.440000
114,SRTY,2020-05-19T08:36:14.860716,30974.860716,15.440000
115,SRTY,2020-05-19T08:36:16.009330,30976.00933,15.440000
116,SRTY,2020-05-19T08:36:17.150362,30977.150362,15.450100
117,SRTY,2020-05-19T08:36:18.308181,30978.308181,15.450100
118,SRTY,2020-05-19T08:36:19.441678,30979.441678,15.450100
119,SRTY,2020-05-19T08:36:20.590562,30980.590562,15.450100
120,SRTY,2020-05-19T08:36:21.760249,30981.760249,15.450100
121,SRTY,2020-05-19T08:36:22.908060,30982.90806,15.492300
122,SRTY,2020-05-19T08:36:24.054840,30984.05484,15.492300
123,SRTY,2020-05-19T08:36:25.200081,30985.200081,15.492300
124,SRTY,2020-05-19T08:36:26.361387,30986.361387,15.492300
125,SRTY,2020-05-19T08:36:27.545210,30987.54521,15.492300
126,SRTY,2020-05-19T08:36:28.693082,30988.693082,15.492300
127,SRTY,2020-05-19T08:36:29.861442,30989.861442,15.492300
128,SRTY,2020-05-19T08:36:31.014533,30991.014533,15.492300
129,SRTY,2020-05-19T08:36:32.211107,30992.211107,15.492300
130,SRTY,2020-05-19T08:36:33.369274,30993.369274,15.492300
131,SRTY,2020-05-19T08:36:34.496364,30994.496364,15.492300
132,SRTY,2020-05-19T08:36:35.645874,30995.645874,15.492300
133,SRTY,2020-05-19T08:36:36.781189,30996.781189,15.492300
134,SRTY,2020-05-19T08:36:37.918313,30997.918313,15.492300
135,SRTY,2020-05-19T08:36:39.054500,30999.0545,15.492300
136,SRTY,2020-05-19T08:36:40.183534,31000.183534,15.492300
137,SRTY,2020-05-19T08:36:41.323470,31001.32347,15.492300
138,SRTY,2020-05-19T08:36:42.444701,31002.444701,15.480000
139,SRTY,2020-05-19T08:36:43.550634,31003.550634,15.480000
140,SRTY,2020-05-19T08:36:44.651868,31004.651868,15.480000
141,SRTY,2020-05-19T08:36:45.769462,31005.769462,15.480000
142,SRTY,2020-05-19T08:36:46.889777,31006.889777,15.475000
143,SRTY,2020-05-19T08:36:48.009839,31008.009839,15.475000
144,SRTY,2020-05-19T08:36:49.132676,31009.132676,15.450000
145,SRTY,2020-05-19T08:36:50.256074,31010.256074,15.450000
146,SRTY,2020-05-19T08:36:51.381606,31011.381606,15.450000
147,SRTY,2020-05-19T08:36:52.537653,31012.537653,15.450000
148,SRTY,2020-05-19T08:36:53.666257,31013.666257,15.450000
149,SRTY,2020-05-19T08:36:54.794304,31014.794304,15.450000
150,SRTY,2020-05-19T08:36:55.919288,31015.919288,15.450000
151,SRTY,2020-05-19T08:36:57.044089,31017.044089,15.450000
152,SRTY,2020-05-19T08:36:58.169675,31018.169675,15.450000
153,SRTY,2020-05-19T08:36:59.288972,31019.288972,15.450000
154,SRTY,2020-05-19T08:37:00.564537,31020.564537,15.450000
155,SRTY,2020-05-19T08:37:01.683225,31021.683225,15.450000
156,SRTY,2020-05-19T08:37:02.805487,31022.805487,15.450000
157,SRTY,2020-05-19T08:37:03.923968,31023.923968,15.450000
158,SRTY,2020-05-19T08:37:05.046910,31025.04691,15.450000
159,SRTY,2020-05-19T08:37:06.166957,31026.166957,15.450000
160,SRTY,2020-05-19T08:37:07.283639,31027.283639,15.450000
161,SRTY,2020-05-19T08:37:08.419902,31028.419902,15.430000
162,SRTY,2020-05-19T08:37:09.533168,31029.533168,15.430000
163,SRTY,2020-05-19T08:37:10.650325,31030.650325,15.430000
164,SRTY,2020-05-19T08:37:11.769188,31031.769188,15.430000
165,SRTY,2020-05-19T08:37:12.884896,31032.884896,15.430000
166,SRTY,2020-05-19T08:37:14.012077,31034.012077,15.430000
167,SRTY,2020-05-19T08:37:15.128112,31035.128112,15.470000
168,SRTY,2020-05-19T08:37:16.235848,31036.235848,15.466700
169,SRTY,2020-05-19T08:37:17.356923,31037.356923,15.425000
170,SRTY,2020-05-19T08:37:18.469866,31038.469866,15.425000
171,SRTY,2020-05-19T08:37:19.588794,31039.588794,15.425000
172,SRTY,2020-05-19T08:37:20.696363,31040.696363,15.425000
173,SRTY,2020-05-19T08:37:21.822400,31041.8224,15.425000
174,SRTY,2020-05-19T08:37:22.946703,31042.946703,15.425000
175,SRTY,2020-05-19T08:37:24.065978,31044.065978,15.425000
176,SRTY,2020-05-19T08:37:25.186212,31045.186212,15.440000
177,SRTY,2020-05-19T08:37:26.302812,31046.302812,15.440000
178,SRTY,2020-05-19T08:37:27.430076,31047.430076,15.435000
179,SRTY,2020-05-19T08:37:28.545186,31048.545186,15.460000
180,SRTY,2020-05-19T08:37:29.661739,31049.661739,15.460000
181,SRTY,2020-05-19T08:37:30.789119,31050.789119,15.460000
182,SRTY,2020-05-19T08:37:31.936923,31051.936923,15.460000
183,SRTY,2020-05-19T08:37:33.070160,31053.07016,15.460000
184,SRTY,2020-05-19T08:37:34.192105,31054.192105,15.460000
185,SRTY,2020-05-19T08:37:35.323852,31055.323852,15.460000
186,SRTY,2020-05-19T08:37:36.458160,31056.45816,15.460000
187,SRTY,2020-05-19T08:37:37.580659,31057.580659,15.486000
188,SRTY,2020-05-19T08:37:38.700783,31058.700783,15.486000
189,SRTY,2020-05-19T08:37:39.824838,31059.824838,15.490000
190,SRTY,2020-05-19T08:37:40.947900,31060.9479,15.479900
191,SRTY,2020-05-19T08:37:42.069990,31062.06999,15.479900
192,SRTY,2020-05-19T08:37:43.192976,31063.192976,15.479900
193,SRTY,2020-05-19T08:37:44.319603,31064.319603,15.479900
194,SRTY,2020-05-19T08:37:45.444138,31065.444138,15.479900
195,SRTY,2020-05-19T08:37:46.563641,31066.563641,15.485100
196,SRTY,2020-05-19T08:37:47.680718,31067.680718,15.485100
197,SRTY,2020-05-19T08:37:48.795950,31068.79595,15.485100
198,SRTY,2020-05-19T08:37:49.916457,31069.916457,15.485100
199,SRTY,2020-05-19T08:37:51.039844,31071.039844,15.485000
200,SRTY,2020-05-19T08:37:52.157607,31072.157607,15.485000
201,SRTY,2020-05-19T08:37:53.275839,31073.275839,15.485000
202,SRTY,2020-05-19T08:37:54.395350,31074.39535,15.485000
203,SRTY,2020-05-19T08:37:55.518155,31075.518155,15.490000
204,SRTY,2020-05-19T08:37:56.634751,31076.634751,15.490000
205,SRTY,2020-05-19T08:37:57.760461,31077.760461,15.490000
206,SRTY,2020-05-19T08:37:58.878483,31078.878483,15.490000
207,SRTY,2020-05-19T08:38:00.003693,31080.003693,15.490000
208,SRTY,2020-05-19T08:38:01.124473,31081.124473,15.490000
209,SRTY,2020-05-19T08:38:02.253271,31082.253271,15.480000
210,SRTY,2020-05-19T08:38:03.388654,31083.388654,15.480000
211,SRTY,2020-05-19T08:38:04.506940,31084.50694,15.470000
212,SRTY,2020-05-19T08:38:05.638527,31085.638527,15.470000
213,SRTY,2020-05-19T08:38:06.754999,31086.754999,15.470000
214,SRTY,2020-05-19T08:38:07.874287,31087.874287,15.460000
215,SRTY,2020-05-19T08:38:08.998410,31088.99841,15.455000
216,SRTY,2020-05-19T08:38:10.119635,31090.119635,15.455000
217,SRTY,2020-05-19T08:38:11.233705,31091.233705,15.455000
218,SRTY,2020-05-19T08:38:12.356532,31092.356532,15.480000
219,SRTY,2020-05-19T08:38:13.486130,31093.48613,15.480000
220,SRTY,2020-05-19T08:38:14.616397,31094.616397,15.480000
221,SRTY,2020-05-19T08:38:15.735863,31095.735863,15.480000
222,SRTY,2020-05-19T08:38:16.859424,31096.859424,15.480000
223,SRTY,2020-05-19T08:38:17.984086,31097.984086,15.480000
224,SRTY,2020-05-19T08:38:19.103903,31099.103903,15.480000
225,SRTY,2020-05-19T08:38:20.219511,31100.219511,15.480000
226,SRTY,2020-05-19T08:38:21.332021,31101.332021,15.520000
227,SRTY,2020-05-19T08:38:22.454583,31102.454583,15.495000
228,SRTY,2020-05-19T08:38:23.628954,31103.628954,15.495000
229,SRTY,2020-05-19T08:38:24.762282,31104.762282,15.495000
230,SRTY,2020-05-19T08:38:25.886423,31105.886423,15.495000
231,SRTY,2020-05-19T08:38:27.031226,31107.031226,15.495000
232,SRTY,2020-05-19T08:38:28.156855,31108.156855,15.495000
233,SRTY,2020-05-19T08:38:29.277676,31109.277676,15.495000
234,SRTY,2020-05-19T08:38:30.394223,31110.394223,15.495000
235,SRTY,2020-05-19T08:38:31.535818,31111.535818,15.495000
236,SRTY,2020-05-19T08:38:32.660655,31112.660655,15.495000
237,SRTY,2020-05-19T08:38:33.783723,31113.783723,15.479900
238,SRTY,2020-05-19T08:38:34.909324,31114.909324,15.479900
239,SRTY,2020-05-19T08:38:36.029534,31116.029534,15.479900
240,SRTY,2020-05-19T08:38:37.147589,31117.147589,15.479900
241,SRTY,2020-05-19T08:38:38.263443,31118.263443,15.470000
242,SRTY,2020-05-19T08:38:39.388140,31119.38814,15.470000
243,SRTY,2020-05-19T08:38:40.514057,31120.514057,15.470000
244,SRTY,2020-05-19T08:38:41.647245,31121.647245,15.470000
245,SRTY,2020-05-19T08:38:42.765397,31122.765397,15.470000
246,SRTY,2020-05-19T08:38:43.880484,31123.880484,15.470000
247,SRTY,2020-05-19T08:38:45.005598,31125.005598,15.470000
248,SRTY,2020-05-19T08:38:46.125581,31126.125581,15.470000
249,SRTY,2020-05-19T08:38:47.239615,31127.239615,15.470000
250,SRTY,2020-05-19T08:38:48.366072,31128.366072,15.470000
251,SRTY,2020-05-19T08:38:49.484097,31129.484097,15.470000
252,SRTY,2020-05-19T08:38:50.596380,31130.59638,15.470000
253,SRTY,2020-05-19T08:38:51.724426,31131.724426,15.470000
254,SRTY,2020-05-19T08:38:52.850196,31132.850196,15.470000
255,SRTY,2020-05-19T08:38:53.976624,31133.976624,15.510000
256,SRTY,2020-05-19T08:38:55.091979,31135.091979,15.510000
257,SRTY,2020-05-19T08:38:56.221644,31136.221644,15.510000
258,SRTY,2020-05-19T08:38:57.386089,31137.386089,15.510000
259,SRTY,2020-05-19T08:38:58.502888,31138.502888,15.525000
260,SRTY,2020-05-19T08:38:59.629685,31139.629685,15.525000
261,SRTY,2020-05-19T08:39:00.756182,31140.756182,15.525000
262,SRTY,2020-05-19T08:39:01.883916,31141.883916,15.540000
263,SRTY,2020-05-19T08:39:03.000792,31143.000792,15.540000
264,SRTY,2020-05-19T08:39:04.144975,31144.144975,15.550000
265,SRTY,2020-05-19T08:39:05.269522,31145.269522,15.550000
266,SRTY,2020-05-19T08:39:06.418821,31146.418821,15.550000
267,SRTY,2020-05-19T08:39:07.541605,31147.541605,15.550000
268,SRTY,2020-05-19T08:39:08.679771,31148.679771,15.550000
269,SRTY,2020-05-19T08:39:09.797619,31149.797619,15.550000
270,SRTY,2020-05-19T08:39:10.913910,31150.91391,15.550000
271,SRTY,2020-05-19T08:39:12.028188,31152.028188,15.510000
272,SRTY,2020-05-19T08:39:13.156524,31153.156524,15.510000
273,SRTY,2020-05-19T08:39:14.279535,31154.279535,15.510000
274,SRTY,2020-05-19T08:39:15.405763,31155.405763,15.470000
275,SRTY,2020-05-19T08:39:16.526161,31156.526161,15.470000
276,SRTY,2020-05-19T08:39:17.648292,31157.648292,15.470000
277,SRTY,2020-05-19T08:39:18.767286,31158.767286,15.470000
278,SRTY,2020-05-19T08:39:19.897471,31159.897471,15.510000
279,SRTY,2020-05-19T08:39:21.009614,31161.009614,15.480000
280,SRTY,2020-05-19T08:39:22.116001,31162.116001,15.480000
281,SRTY,2020-05-19T08:39:23.240373,31163.240373,15.480000
282,SRTY,2020-05-19T08:39:24.376233,31164.376233,15.480000
283,SRTY,2020-05-19T08:39:25.490304,31165.490304,15.480000
284,SRTY,2020-05-19T08:39:26.620469,31166.620469,15.480000
285,SRTY,2020-05-19T08:39:27.746732,31167.746732,15.450000
286,SRTY,2020-05-19T08:39:28.864309,31168.864309,15.450000
287,SRTY,2020-05-19T08:39:29.989111,31169.989111,15.450000
288,SRTY,2020-05-19T08:39:31.109439,31171.109439,15.450000
289,SRTY,2020-05-19T08:39:32.257640,31172.25764,15.450000
290,SRTY,2020-05-19T08:39:33.389081,31173.389081,15.460000
291,SRTY,2020-05-19T08:39:34.516357,31174.516357,15.460000
292,SRTY,2020-05-19T08:39:35.634159,31175.634159,15.460000
293,SRTY,2020-05-19T08:39:36.768607,31176.768607,15.460000
294,SRTY,2020-05-19T08:39:37.877814,31177.877814,15.460000
295,SRTY,2020-05-19T08:39:38.997046,31178.997046,15.460000
296,SRTY,2020-05-19T08:39:40.111363,31180.111363,15.490000
297,SRTY,2020-05-19T08:39:41.254622,31181.254622,15.500000
298,SRTY,2020-05-19T08:39:42.371665,31182.371665,15.500000
299,SRTY,2020-05-19T08:39:43.495723,31183.495723,15.500000
300,SRTY,2020-05-19T08:39:44.605537,31184.605537,15.500000
301,SRTY,2020-05-19T08:39:45.739001,31185.739001,15.490000
302,SRTY,2020-05-19T08:39:46.861884,31186.861884,15.490000
303,SRTY,2020-05-19T08:39:47.982073,31187.982073,15.490000
304,SRTY,2020-05-19T08:39:49.103438,31189.103438,15.490000
305,SRTY,2020-05-19T08:39:50.237850,31190.23785,15.490000
306,SRTY,2020-05-19T08:39:51.356956,31191.356956,15.490000
307,SRTY,2020-05-19T08:39:52.477814,31192.477814,15.490000
308,SRTY,2020-05-19T08:39:53.613059,31193.613059,15.490000
309,SRTY,2020-05-19T08:39:54.729398,31194.729398,15.490000
310,SRTY,2020-05-19T08:39:55.879066,31195.879066,15.490000
311,SRTY,2020-05-19T08:39:57.050287,31197.050287,15.460000
312,SRTY,2020-05-19T08:39:58.173177,31198.173177,15.460000
313,SRTY,2020-05-19T08:39:59.285637,31199.285637,15.470000
314,SRTY,2020-05-19T08:40:00.403969,31200.403969,15.470000
315,SRTY,2020-05-19T08:40:01.608264,31201.608264,15.470000
316,SRTY,2020-05-19T08:40:02.723509,31202.723509,15.470000
317,SRTY,2020-05-19T08:40:03.842985,31203.842985,15.470000
318,SRTY,2020-05-19T08:40:04.959998,31204.959998,15.470000
319,SRTY,2020-05-19T08:40:06.079154,31206.079154,15.470000
320,SRTY,2020-05-19T08:40:07.239683,31207.239683,15.470000
321,SRTY,2020-05-19T08:40:08.412488,31208.412488,15.470000
322,SRTY,2020-05-19T08:40:09.572572,31209.572572,15.470000
323,SRTY,2020-05-19T08:40:10.692902,31210.692902,15.470000
324,SRTY,2020-05-19T08:40:11.810851,31211.810851,15.470000
325,SRTY,2020-05-19T08:40:12.926801,31212.926801,15.470000
326,SRTY,2020-05-19T08:40:14.045208,31214.045208,15.470000
327,SRTY,2020-05-19T08:40:15.170165,31215.170165,15.470000
328,SRTY,2020-05-19T08:40:16.296511,31216.296511,15.470000
329,SRTY,2020-05-19T08:40:17.415228,31217.415228,15.550000
330,SRTY,2020-05-19T08:40:18.541279,31218.541279,15.550000
331,SRTY,2020-05-19T08:40:19.800834,31219.800834,15.550000
332,SRTY,2020-05-19T08:40:21.070742,31221.070742,15.550000
333,SRTY,2020-05-19T08:40:22.472034,31222.472034,15.510000
334,SRTY,2020-05-19T08:40:23.597079,31223.597079,15.510000
335,SRTY,2020-05-19T08:40:24.729753,31224.729753,15.510000
336,SRTY,2020-05-19T08:40:25.861690,31225.86169,15.510000
337,SRTY,2020-05-19T08:40:26.979966,31226.979966,15.510000
338,SRTY,2020-05-19T08:40:28.116445,31228.116445,15.510000
339,SRTY,2020-05-19T08:40:29.234996,31229.234996,15.510000
340,SRTY,2020-05-19T08:40:30.367130,31230.36713,15.510000
341,SRTY,2020-05-19T08:40:31.525514,31231.525514,15.510000
342,SRTY,2020-05-19T08:40:32.644035,31232.644035,15.510000
343,SRTY,2020-05-19T08:40:33.768659,31233.768659,15.510000
344,SRTY,2020-05-19T08:40:34.902303,31234.902303,15.510000
345,SRTY,2020-05-19T08:40:36.023156,31236.023156,15.510000
346,SRTY,2020-05-19T08:40:37.180706,31237.180706,15.510000
347,SRTY,2020-05-19T08:40:38.295122,31238.295122,15.510000
348,SRTY,2020-05-19T08:40:39.470795,31239.470795,15.510000
349,SRTY,2020-05-19T08:40:40.605240,31240.60524,15.510000
350,SRTY,2020-05-19T08:40:41.723921,31241.723921,15.510000
351,SRTY,2020-05-19T08:40:42.837984,31242.837984,15.530000
352,SRTY,2020-05-19T08:40:43.955706,31243.955706,15.520000
353,SRTY,2020-05-19T08:40:45.058045,31245.058045,15.520000
354,SRTY,2020-05-19T08:40:46.173336,31246.173336,15.515000
355,SRTY,2020-05-19T08:40:47.285223,31247.285223,15.515000
356,SRTY,2020-05-19T08:40:48.412141,31248.412141,15.515000
357,SRTY,2020-05-19T08:40:49.527741,31249.527741,15.515000
358,SRTY,2020-05-19T08:40:50.654387,31250.654387,15.510000
359,SRTY,2020-05-19T08:40:51.779208,31251.779208,15.510000
360,SRTY,2020-05-19T08:40:52.894935,31252.894935,15.520000
361,SRTY,2020-05-19T08:40:54.022476,31254.022476,15.530000
362,SRTY,2020-05-19T08:40:55.155675,31255.155675,15.530000
363,SRTY,2020-05-19T08:40:56.281375,31256.281375,15.530000
364,SRTY,2020-05-19T08:40:57.466213,31257.466213,15.545000
365,SRTY,2020-05-19T08:40:58.596357,31258.596357,15.545000
366,SRTY,2020-05-19T08:40:59.716226,31259.716226,15.550000
367,SRTY,2020-05-19T08:41:00.848927,31260.848927,15.550000
368,SRTY,2020-05-19T08:41:01.966606,31261.966606,15.550000
369,SRTY,2020-05-19T08:41:03.102889,31263.102889,15.550000
370,SRTY,2020-05-19T08:41:04.219462,31264.219462,15.550000
371,SRTY,2020-05-19T08:41:05.339382,31265.339382,15.550000
372,SRTY,2020-05-19T08:41:06.466414,31266.466414,15.550000
373,SRTY,2020-05-19T08:41:07.618784,31267.618784,15.520000
374,SRTY,2020-05-19T08:41:08.734911,31268.734911,15.520000
375,SRTY,2020-05-19T08:41:09.856138,31269.856138,15.520000
376,SRTY,2020-05-19T08:41:10.970634,31270.970634,15.520000
377,SRTY,2020-05-19T08:41:12.083957,31272.083957,15.520000
378,SRTY,2020-05-19T08:41:13.203318,31273.203318,15.520000
379,SRTY,2020-05-19T08:41:14.321415,31274.321415,15.520000
380,SRTY,2020-05-19T08:41:15.441009,31275.441009,15.520000
381,SRTY,2020-05-19T08:41:16.572788,31276.572788,15.520000
382,SRTY,2020-05-19T08:41:17.690003,31277.690003,15.520000
383,SRTY,2020-05-19T08:41:18.802523,31278.802523,15.520000
384,SRTY,2020-05-19T08:41:19.926194,31279.926194,15.520000
385,SRTY,2020-05-19T08:41:21.051165,31281.051165,15.520000
386,SRTY,2020-05-19T08:41:22.175500,31282.1755,15.513000
387,SRTY,2020-05-19T08:41:23.295578,31283.295578,15.513000
388,SRTY,2020-05-19T08:41:24.410307,31284.410307,15.513000
389,SRTY,2020-05-19T08:41:25.537316,31285.537316,15.513000
390,SRTY,2020-05-19T08:41:26.656325,31286.656325,15.528000
391,SRTY,2020-05-19T08:41:27.784448,31287.784448,15.510100
392,SRTY,2020-05-19T08:41:28.899314,31288.899314,15.510100
393,SRTY,2020-05-19T08:41:30.020542,31290.020542,15.510100
394,SRTY,2020-05-19T08:41:31.148240,31291.14824,15.510100
395,SRTY,2020-05-19T08:41:32.310084,31292.310084,15.500000
396,SRTY,2020-05-19T08:41:33.439685,31293.439685,15.500000
397,SRTY,2020-05-19T08:41:34.563087,31294.563087,15.490400
398,SRTY,2020-05-19T08:41:35.686259,31295.686259,15.500000
399,SRTY,2020-05-19T08:41:36.828199,31296.828199,15.500000
400,SRTY,2020-05-19T08:41:37.959177,31297.959177,15.500000
401,SRTY,2020-05-19T08:41:39.078062,31299.078062,15.472800
402,SRTY,2020-05-19T08:41:40.199917,31300.199917,15.485000
403,SRTY,2020-05-19T08:41:41.344414,31301.344414,15.485000
404,SRTY,2020-05-19T08:41:42.469038,31302.469038,15.485000
405,SRTY,2020-05-19T08:41:43.596950,31303.59695,15.485000
406,SRTY,2020-05-19T08:41:44.711127,31304.711127,15.485000
407,SRTY,2020-05-19T08:41:45.822861,31305.822861,15.485000
408,SRTY,2020-05-19T08:41:46.942725,31306.942725,15.485000
409,SRTY,2020-05-19T08:41:48.056972,31308.056972,15.490000
410,SRTY,2020-05-19T08:41:49.207730,31309.20773,15.490000
411,SRTY,2020-05-19T08:41:50.332576,31310.332576,15.490000
412,SRTY,2020-05-19T08:41:51.440500,31311.4405,15.490000
413,SRTY,2020-05-19T08:41:52.609931,31312.609931,15.474200
414,SRTY,2020-05-19T08:41:53.797639,31313.797639,15.474200
415,SRTY,2020-05-19T08:41:54.919072,31314.919072,15.474200
416,SRTY,2020-05-19T08:41:56.042682,31316.042682,15.474200
417,SRTY,2020-05-19T08:41:57.155216,31317.155216,15.474200
418,SRTY,2020-05-19T08:41:58.268715,31318.268715,15.474200
419,SRTY,2020-05-19T08:41:59.387362,31319.387362,15.474200
420,SRTY,2020-05-19T08:42:00.508040,31320.50804,15.474200
421,SRTY,2020-05-19T08:42:01.631031,31321.631031,15.520000
422,SRTY,2020-05-19T08:42:02.754917,31322.754917,15.540000
423,SRTY,2020-05-19T08:42:03.870161,31323.870161,15.540000
424,SRTY,2020-05-19T08:42:04.998879,31324.998879,15.540000
425,SRTY,2020-05-19T08:42:06.125494,31326.125494,15.550000
426,SRTY,2020-05-19T08:42:07.302313,31327.302313,15.550000
427,SRTY,2020-05-19T08:42:08.432651,31328.432651,15.550000
428,SRTY,2020-05-19T08:42:09.587437,31329.587437,15.550000
429,SRTY,2020-05-19T08:42:10.742326,31330.742326,15.550000
430,SRTY,2020-05-19T08:42:11.868103,31331.868103,15.520000
431,SRTY,2020-05-19T08:42:12.996127,31332.996127,15.520000
432,SRTY,2020-05-19T08:42:14.185791,31334.185791,15.520000
433,SRTY,2020-05-19T08:42:15.337630,31335.33763,15.520000
434,SRTY,2020-05-19T08:42:16.548113,31336.548113,15.530000
435,SRTY,2020-05-19T08:42:18.100213,31338.100213,15.530000
436,SRTY,2020-05-19T08:42:19.411087,31339.411087,15.540000
437,SRTY,2020-05-19T08:42:21.082982,31341.082982,15.540000
438,SRTY,2020-05-19T08:42:22.269089,31342.269089,15.540000
439,SRTY,2020-05-19T08:42:23.416535,31343.416535,15.540000
440,SRTY,2020-05-19T08:42:24.556014,31344.556014,15.510000
441,SRTY,2020-05-19T08:42:25.707444,31345.707444,15.510000
442,SRTY,2020-05-19T08:42:26.825522,31346.825522,15.510000
443,SRTY,2020-05-19T08:42:28.054744,31348.054744,15.510000
444,SRTY,2020-05-19T08:42:29.205390,31349.20539,15.510000
445,SRTY,2020-05-19T08:42:30.341353,31350.341353,15.510000
446,SRTY,2020-05-19T08:42:31.537584,31351.537584,15.510000
447,SRTY,2020-05-19T08:42:32.661804,31352.661804,15.510000
448,SRTY,2020-05-19T08:42:33.791080,31353.79108,15.510000
449,SRTY,2020-05-19T08:42:34.910227,31354.910227,15.500000
450,SRTY,2020-05-19T08:42:36.085954,31356.085954,15.495000
451,SRTY,2020-05-19T08:42:37.315869,31357.315869,15.495000
452,SRTY,2020-05-19T08:42:38.496939,31358.496939,15.495000
453,SRTY,2020-05-19T08:42:39.701512,31359.701512,15.490000
454,SRTY,2020-05-19T08:42:40.877452,31360.877452,15.495000
455,SRTY,2020-05-19T08:42:42.060143,31362.060143,15.495000
456,SRTY,2020-05-19T08:42:43.371980,31363.37198,15.495000
457,SRTY,2020-05-19T08:42:44.675886,31364.675886,15.495000
458,SRTY,2020-05-19T08:42:45.880336,31365.880336,15.495000
459,SRTY,2020-05-19T08:42:47.077038,31367.077038,15.495000
460,SRTY,2020-05-19T08:42:48.263215,31368.263215,15.495000
461,SRTY,2020-05-19T08:42:49.475551,31369.475551,15.495000
462,SRTY,2020-05-19T08:42:50.633839,31370.633839,15.495000
463,SRTY,2020-05-19T08:42:51.828563,31371.828563,15.495000
464,SRTY,2020-05-19T08:42:53.023220,31373.02322,15.495000
465,SRTY,2020-05-19T08:42:54.210255,31374.210255,15.495000
466,SRTY,2020-05-19T08:42:55.402949,31375.402949,15.495000
467,SRTY,2020-05-19T08:42:56.543122,31376.543122,15.495000
468,SRTY,2020-05-19T08:42:57.681902,31377.681902,15.495000
469,SRTY,2020-05-19T08:42:58.820427,31378.820427,15.495000
470,SRTY,2020-05-19T08:42:59.945459,31379.945459,15.495000
471,SRTY,2020-05-19T08:43:01.071781,31381.071781,15.495000
472,SRTY,2020-05-19T08:43:02.199833,31382.199833,15.495000
473,SRTY,2020-05-19T08:43:03.332490,31383.33249,15.495000
474,SRTY,2020-05-19T08:43:04.491902,31384.491902,15.495000
475,SRTY,2020-05-19T08:43:05.609729,31385.609729,15.495000
476,SRTY,2020-05-19T08:43:06.730954,31386.730954,15.495000
477,SRTY,2020-05-19T08:43:07.846632,31387.846632,15.495000
478,SRTY,2020-05-19T08:43:08.956868,31388.956868,15.540000
479,SRTY,2020-05-19T08:43:10.146567,31390.146567,15.540000
480,SRTY,2020-05-19T08:43:11.285312,31391.285312,15.540000
481,SRTY,2020-05-19T08:43:12.399518,31392.399518,15.540000
482,SRTY,2020-05-19T08:43:13.514164,31393.514164,15.540000
483,SRTY,2020-05-19T08:43:14.632175,31394.632175,15.510000
484,SRTY,2020-05-19T08:43:15.744594,31395.744594,15.510000
485,SRTY,2020-05-19T08:43:16.866036,31396.866036,15.510000
486,SRTY,2020-05-19T08:43:17.974050,31397.97405,15.510000
487,SRTY,2020-05-19T08:43:19.089216,31399.089216,15.510000
488,SRTY,2020-05-19T08:43:20.206097,31400.206097,15.510000
489,SRTY,2020-05-19T08:43:21.318220,31401.31822,15.510000
490,SRTY,2020-05-19T08:43:22.443476,31402.443476,15.510000
491,SRTY,2020-05-19T08:43:23.579882,31403.579882,15.510000
492,SRTY,2020-05-19T08:43:24.694335,31404.694335,15.510000
493,SRTY,2020-05-19T08:43:25.810144,31405.810144,15.510000
494,SRTY,2020-05-19T08:43:26.920894,31406.920894,15.510000
495,SRTY,2020-05-19T08:43:28.036590,31408.03659,15.510000
496,SRTY,2020-05-19T08:43:29.154216,31409.154216,15.510000
497,SRTY,2020-05-19T08:43:30.269814,31410.269814,15.510000
498,SRTY,2020-05-19T08:43:31.431351,31411.431351,15.500000
499,SRTY,2020-05-19T08:43:32.564099,31412.564099,15.500000
500,SRTY,2020-05-19T08:43:33.683786,31413.683786,15.500000
501,SRTY,2020-05-19T08:43:34.828516,31414.828516,15.500000
502,SRTY,2020-05-19T08:43:35.949490,31415.94949,15.500000
503,SRTY,2020-05-19T08:43:37.070125,31417.070125,15.500000
504,SRTY,2020-05-19T08:43:38.192939,31418.192939,15.500000
505,SRTY,2020-05-19T08:43:39.305633,31419.305633,15.500000
506,SRTY,2020-05-19T08:43:40.420353,31420.420353,15.500000
507,SRTY,2020-05-19T08:43:41.547824,31421.547824,15.500000
508,SRTY,2020-05-19T08:43:42.659503,31422.659503,15.500000
509,SRTY,2020-05-19T08:43:43.778664,31423.778664,15.500000
510,SRTY,2020-05-19T08:43:44.919522,31424.919522,15.500000
511,SRTY,2020-05-19T08:43:46.038509,31426.038509,15.500000
512,SRTY,2020-05-19T08:43:47.153199,31427.153199,15.500000
513,SRTY,2020-05-19T08:43:48.282727,31428.282727,15.500000
514,SRTY,2020-05-19T08:43:49.399935,31429.399935,15.500000
515,SRTY,2020-05-19T08:43:50.571762,31430.571762,15.500000
516,SRTY,2020-05-19T08:43:51.690506,31431.690506,15.500000
517,SRTY,2020-05-19T08:43:52.803180,31432.80318,15.450000
518,SRTY,2020-05-19T08:43:53.915583,31433.915583,15.450000
519,SRTY,2020-05-19T08:43:55.043084,31435.043084,15.450000
520,SRTY,2020-05-19T08:43:56.157243,31436.157243,15.450000
521,SRTY,2020-05-19T08:43:57.280089,31437.280089,15.450000
522,SRTY,2020-05-19T08:43:58.403481,31438.403481,15.450000
523,SRTY,2020-05-19T08:43:59.515463,31439.515463,15.450000
524,SRTY,2020-05-19T08:44:00.632184,31440.632184,15.450000
525,SRTY,2020-05-19T08:44:01.798586,31441.798586,15.460000
526,SRTY,2020-05-19T08:44:02.913540,31442.91354,15.460000
527,SRTY,2020-05-19T08:44:04.028774,31444.028774,15.480000
528,SRTY,2020-05-19T08:44:05.151946,31445.151946,15.480000
529,SRTY,2020-05-19T08:44:06.275911,31446.275911,15.480000
530,SRTY,2020-05-19T08:44:07.393460,31447.39346,15.480000
531,SRTY,2020-05-19T08:44:08.508966,31448.508966,15.480000
532,SRTY,2020-05-19T08:44:09.624072,31449.624072,15.480000
533,SRTY,2020-05-19T08:44:10.760390,31450.76039,15.480000
534,SRTY,2020-05-19T08:44:11.879000,31451.879,15.480000
535,SRTY,2020-05-19T08:44:12.991831,31452.991831,15.480000
536,SRTY,2020-05-19T08:44:14.110962,31454.110962,15.480000
537,SRTY,2020-05-19T08:44:15.225052,31455.225052,15.480000
538,SRTY,2020-05-19T08:44:16.357623,31456.357623,15.480000
539,SRTY,2020-05-19T08:44:17.506256,31457.506256,15.510000
540,SRTY,2020-05-19T08:44:18.628970,31458.62897,15.510000
541,SRTY,2020-05-19T08:44:19.748353,31459.748353,15.510000
542,SRTY,2020-05-19T08:44:20.862990,31460.86299,15.510000
543,SRTY,2020-05-19T08:44:21.987529,31461.987529,15.510000
544,SRTY,2020-05-19T08:44:23.129541,31463.129541,15.500000
545,SRTY,2020-05-19T08:44:24.337304,31464.337304,15.510000
546,SRTY,2020-05-19T08:44:25.461423,31465.461423,15.510000
547,SRTY,2020-05-19T08:44:26.579199,31466.579199,15.510000
548,SRTY,2020-05-19T08:44:27.699166,31467.699166,15.510000
549,SRTY,2020-05-19T08:44:28.815115,31468.815115,15.510000
550,SRTY,2020-05-19T08:44:29.948192,31469.948192,15.510000
551,SRTY,2020-05-19T08:44:31.064952,31471.064952,15.510000
552,SRTY,2020-05-19T08:44:32.238630,31472.23863,15.510000
553,SRTY,2020-05-19T08:44:33.499813,31473.499813,15.510000
554,SRTY,2020-05-19T08:44:34.616630,31474.61663,15.510000
555,SRTY,2020-05-19T08:44:35.751246,31475.751246,15.510000
556,SRTY,2020-05-19T08:44:36.866922,31476.866922,15.510000
557,SRTY,2020-05-19T08:44:37.994875,31477.994875,15.510000
558,SRTY,2020-05-19T08:44:39.128945,31479.128945,15.510000
559,SRTY,2020-05-19T08:44:40.248115,31480.248115,15.510000
560,SRTY,2020-05-19T08:44:41.388296,31481.388296,15.510000
561,SRTY,2020-05-19T08:44:42.502013,31482.502013,15.510000
562,SRTY,2020-05-19T08:44:43.622093,31483.622093,15.530000
563,SRTY,2020-05-19T08:44:44.742993,31484.742993,15.530000
564,SRTY,2020-05-19T08:44:45.853734,31485.853734,15.530000
565,SRTY,2020-05-19T08:44:46.970763,31486.970763,15.530000
566,SRTY,2020-05-19T08:44:48.092394,31488.092394,15.530000
567,SRTY,2020-05-19T08:44:49.205359,31489.205359,15.530000
568,SRTY,2020-05-19T08:44:50.330226,31490.330226,15.530000
569,SRTY,2020-05-19T08:44:51.457959,31491.457959,15.530000
570,SRTY,2020-05-19T08:44:52.573052,31492.573052,15.530000
571,SRTY,2020-05-19T08:44:53.688150,31493.68815,15.520000
572,SRTY,2020-05-19T08:44:54.807815,31494.807815,15.520000
573,SRTY,2020-05-19T08:44:55.919253,31495.919253,15.520000
574,SRTY,2020-05-19T08:44:57.032464,31497.032464,15.520000
575,SRTY,2020-05-19T08:44:58.131047,31498.131047,15.520000
576,SRTY,2020-05-19T08:44:59.263995,31499.263995,15.520000
577,SRTY,2020-05-19T08:45:00.373960,31500.37396,15.520000
578,SRTY,2020-05-19T08:45:01.496899,31501.496899,15.500000
579,SRTY,2020-05-19T08:45:02.612817,31502.612817,15.500000
580,SRTY,2020-05-19T08:45:03.754319,31503.754319,15.500000
581,SRTY,2020-05-19T08:45:04.873140,31504.87314,15.500000
582,SRTY,2020-05-19T08:45:05.987865,31505.987865,15.540000
583,SRTY,2020-05-19T08:45:07.098078,31507.098078,15.540000
584,SRTY,2020-05-19T08:45:08.220835,31508.220835,15.560000
585,SRTY,2020-05-19T08:45:09.349768,31509.349768,15.560000
586,SRTY,2020-05-19T08:45:10.467257,31510.467257,15.560000
587,SRTY,2020-05-19T08:45:11.577004,31511.577004,15.570000
588,SRTY,2020-05-19T08:45:12.705028,31512.705028,15.570000
589,SRTY,2020-05-19T08:45:13.826598,31513.826598,15.570000
590,SRTY,2020-05-19T08:45:14.945177,31514.945177,15.570000
591,SRTY,2020-05-19T08:45:16.069054,31516.069054,15.570000
592,SRTY,2020-05-19T08:45:17.189462,31517.189462,15.570000
593,SRTY,2020-05-19T08:45:18.315969,31518.315969,15.570000
594,SRTY,2020-05-19T08:45:19.439396,31519.439396,15.580100
595,SRTY,2020-05-19T08:45:20.547184,31520.547184,15.595800
596,SRTY,2020-05-19T08:45:21.673291,31521.673291,15.600000
597,SRTY,2020-05-19T08:45:22.847188,31522.847188,15.600000
598,SRTY,2020-05-19T08:45:24.166171,31524.166171,15.610000
599,SRTY,2020-05-19T08:45:25.273272,31525.273272,15.610100
600,SRTY,2020-05-19T08:45:26.391394,31526.391394,15.630000
601,SRTY,2020-05-19T08:45:27.523685,31527.523685,15.630000
602,SRTY,2020-05-19T08:45:28.644013,31528.644013,15.630000
603,SRTY,2020-05-19T08:45:29.760089,31529.760089,15.612000
604,SRTY,2020-05-19T08:45:30.876586,31530.876586,15.612000
605,SRTY,2020-05-19T08:45:32.061605,31532.061605,15.612000
606,SRTY,2020-05-19T08:45:33.214278,31533.214278,15.612000
607,SRTY,2020-05-19T08:45:34.336445,31534.336445,15.612000
608,SRTY,2020-05-19T08:45:35.469364,31535.469364,15.612000
609,SRTY,2020-05-19T08:45:36.598168,31536.598168,15.612000
610,SRTY,2020-05-19T08:45:37.714636,31537.714636,15.612000
611,SRTY,2020-05-19T08:45:38.861141,31538.861141,15.612000
612,SRTY,2020-05-19T08:45:39.979894,31539.979894,15.600000
613,SRTY,2020-05-19T08:45:41.099634,31541.099634,15.600000
614,SRTY,2020-05-19T08:45:42.224126,31542.224126,15.600000
615,SRTY,2020-05-19T08:45:43.349674,31543.349674,15.600000
616,SRTY,2020-05-19T08:45:44.459219,31544.459219,15.600000
617,SRTY,2020-05-19T08:45:45.574638,31545.574638,15.600000
618,SRTY,2020-05-19T08:45:46.693681,31546.693681,15.600000
619,SRTY,2020-05-19T08:45:47.809234,31547.809234,15.600000
620,SRTY,2020-05-19T08:45:48.929425,31548.929425,15.600000
621,SRTY,2020-05-19T08:45:50.052438,31550.052438,15.600000
622,SRTY,2020-05-19T08:45:51.168568,31551.168568,15.600000
623,SRTY,2020-05-19T08:45:52.279511,31552.279511,15.600000
624,SRTY,2020-05-19T08:45:53.397189,31553.397189,15.600000
625,SRTY,2020-05-19T08:45:54.507202,31554.507202,15.600000
626,SRTY,2020-05-19T08:45:55.624849,31555.624849,15.600000
627,SRTY,2020-05-19T08:45:56.733236,31556.733236,15.640000
628,SRTY,2020-05-19T08:45:57.849330,31557.84933,15.640000
629,SRTY,2020-05-19T08:45:59.025067,31559.025067,15.640000
630,SRTY,2020-05-19T08:46:00.148567,31560.148567,15.640000
631,SRTY,2020-05-19T08:46:01.270857,31561.270857,15.640000
632,SRTY,2020-05-19T08:46:02.395306,31562.395306,15.660000
633,SRTY,2020-05-19T08:46:03.511196,31563.511196,15.665000
634,SRTY,2020-05-19T08:46:04.625988,31564.625988,15.670000
635,SRTY,2020-05-19T08:46:05.743733,31565.743733,15.670000
636,SRTY,2020-05-19T08:46:06.868424,31566.868424,15.695000
637,SRTY,2020-05-19T08:46:07.984059,31567.984059,15.690000
638,SRTY,2020-05-19T08:46:09.108625,31569.108625,15.690000
639,SRTY,2020-05-19T08:46:10.228763,31570.228763,15.690000
640,SRTY,2020-05-19T08:46:11.346021,31571.346021,15.690000
641,SRTY,2020-05-19T08:46:12.468854,31572.468854,15.700000
642,SRTY,2020-05-19T08:46:13.589567,31573.589567,15.700000
643,SRTY,2020-05-19T08:46:14.719908,31574.719908,15.700000
644,SRTY,2020-05-19T08:46:15.848154,31575.848154,15.700000
645,SRTY,2020-05-19T08:46:16.964069,31576.964069,15.700000
646,SRTY,2020-05-19T08:46:18.103114,31578.103114,15.710000
647,SRTY,2020-05-19T08:46:19.224605,31579.224605,15.710000
648,SRTY,2020-05-19T08:46:20.344525,31580.344525,15.710000
649,SRTY,2020-05-19T08:46:21.510928,31581.510928,15.710000
650,SRTY,2020-05-19T08:46:22.629056,31582.629056,15.710000
651,SRTY,2020-05-19T08:46:23.743034,31583.743034,15.710000
652,SRTY,2020-05-19T08:46:24.857257,31584.857257,15.710000
653,SRTY,2020-05-19T08:46:25.969553,31585.969553,15.710000
654,SRTY,2020-05-19T08:46:27.086887,31587.086887,15.710000
655,SRTY,2020-05-19T08:46:28.221131,31588.221131,15.710000
656,SRTY,2020-05-19T08:46:29.338602,31589.338602,15.710000
657,SRTY,2020-05-19T08:46:30.470055,31590.470055,15.710000
658,SRTY,2020-05-19T08:46:31.607644,31591.607644,15.710000
659,SRTY,2020-05-19T08:46:32.724273,31592.724273,15.720000
660,SRTY,2020-05-19T08:46:33.928110,31593.92811,15.720000
661,SRTY,2020-05-19T08:46:35.183198,31595.183198,15.730000
662,SRTY,2020-05-19T08:46:36.293012,31596.293012,15.730000
663,SRTY,2020-05-19T08:46:37.404968,31597.404968,15.730000
664,SRTY,2020-05-19T08:46:38.546060,31598.54606,15.730000
665,SRTY,2020-05-19T08:46:39.674606,31599.674606,15.729900
666,SRTY,2020-05-19T08:46:40.804105,31600.804105,15.729900
667,SRTY,2020-05-19T08:46:41.920315,31601.920315,15.715800
668,SRTY,2020-05-19T08:46:43.032424,31603.032424,15.715800
669,SRTY,2020-05-19T08:46:44.156543,31604.156543,15.715800
670,SRTY,2020-05-19T08:46:45.266251,31605.266251,15.740000
671,SRTY,2020-05-19T08:46:46.387176,31606.387176,15.740000
672,SRTY,2020-05-19T08:46:47.501374,31607.501374,15.740000
673,SRTY,2020-05-19T08:46:48.618008,31608.618008,15.745000
674,SRTY,2020-05-19T08:46:49.760416,31609.760416,15.745000
675,SRTY,2020-05-19T08:46:50.883404,31610.883404,15.750000
676,SRTY,2020-05-19T08:46:52.009519,31612.009519,15.750000
677,SRTY,2020-05-19T08:46:53.125885,31613.125885,15.750000
678,SRTY,2020-05-19T08:46:54.253043,31614.253043,15.750000
679,SRTY,2020-05-19T08:46:55.370409,31615.370409,15.750000
680,SRTY,2020-05-19T08:46:56.498115,31616.498115,15.760000
681,SRTY,2020-05-19T08:46:57.628778,31617.628778,15.760000
682,SRTY,2020-05-19T08:46:58.762547,31618.762547,15.760000
683,SRTY,2020-05-19T08:46:59.888611,31619.888611,15.760000
684,SRTY,2020-05-19T08:47:01.016291,31621.016291,15.770000
685,SRTY,2020-05-19T08:47:02.176493,31622.176493,15.780000
686,SRTY,2020-05-19T08:47:03.296964,31623.296964,15.780000
687,SRTY,2020-05-19T08:47:04.425455,31624.425455,15.790000
688,SRTY,2020-05-19T08:47:05.561198,31625.561198,15.790000
689,SRTY,2020-05-19T08:47:06.677843,31626.677843,15.780000
690,SRTY,2020-05-19T08:47:07.793530,31627.79353,15.770000
691,SRTY,2020-05-19T08:47:08.910673,31628.910673,15.770000
692,SRTY,2020-05-19T08:47:10.029785,31630.029785,15.770000
693,SRTY,2020-05-19T08:47:11.144301,31631.144301,15.770000
694,SRTY,2020-05-19T08:47:12.263628,31632.263628,15.770000
695,SRTY,2020-05-19T08:47:13.379833,31633.379833,15.770000
696,SRTY,2020-05-19T08:47:14.496998,31634.496998,15.770000
697,SRTY,2020-05-19T08:47:15.617588,31635.617588,15.770000
698,SRTY,2020-05-19T08:47:16.736940,31636.73694,15.770000
699,SRTY,2020-05-19T08:47:17.883076,31637.883076,15.780000
700,SRTY,2020-05-19T08:47:19.000507,31639.000507,15.790000
701,SRTY,2020-05-19T08:47:20.116392,31640.116392,15.790000
702,SRTY,2020-05-19T08:47:21.234097,31641.234097,15.800000
703,SRTY,2020-05-19T08:47:22.352457,31642.352457,15.800000
704,SRTY,2020-05-19T08:47:23.467482,31643.467482,15.800000
705,SRTY,2020-05-19T08:47:24.602701,31644.602701,15.800000
706,SRTY,2020-05-19T08:47:25.728042,31645.728042,15.800000
707,SRTY,2020-05-19T08:47:26.835997,31646.835997,15.800000
708,SRTY,2020-05-19T08:47:27.963275,31647.963275,15.790000
709,SRTY,2020-05-19T08:47:29.085969,31649.085969,15.790000
710,SRTY,2020-05-19T08:47:30.205769,31650.205769,15.790000
711,SRTY,2020-05-19T08:47:31.348297,31651.348297,15.790000
712,SRTY,2020-05-19T08:47:32.465848,31652.465848,15.790000
713,SRTY,2020-05-19T08:47:33.593092,31653.593092,15.790000
714,SRTY,2020-05-19T08:47:34.714781,31654.714781,15.790000
715,SRTY,2020-05-19T08:47:35.834067,31655.834067,15.790000
716,SRTY,2020-05-19T08:47:36.959272,31656.959272,15.790000
717,SRTY,2020-05-19T08:47:38.085634,31658.085634,15.790000
718,SRTY,2020-05-19T08:47:39.216811,31659.216811,15.790000
719,SRTY,2020-05-19T08:47:40.335347,31660.335347,15.790000
720,SRTY,2020-05-19T08:47:41.465022,31661.465022,15.790000
721,SRTY,2020-05-19T08:47:42.603528,31662.603528,15.790000
722,SRTY,2020-05-19T08:47:43.726997,31663.726997,15.790000
723,SRTY,2020-05-19T08:47:44.847036,31664.847036,15.790000
724,SRTY,2020-05-19T08:47:45.963034,31665.963034,15.790000
725,SRTY,2020-05-19T08:47:47.094666,31667.094666,15.790000
726,SRTY,2020-05-19T08:47:48.233242,31668.233242,15.790000
727,SRTY,2020-05-19T08:47:49.356214,31669.356214,15.790000
728,SRTY,2020-05-19T08:47:50.472340,31670.47234,15.790000
729,SRTY,2020-05-19T08:47:51.598765,31671.598765,15.790000
730,SRTY,2020-05-19T08:47:52.717661,31672.717661,15.810000
731,SRTY,2020-05-19T08:47:53.855789,31673.855789,15.810000
732,SRTY,2020-05-19T08:47:54.969830,31674.96983,15.810000
733,SRTY,2020-05-19T08:47:56.087156,31676.087156,15.810000
734,SRTY,2020-05-19T08:47:57.208262,31677.208262,15.810000
735,SRTY,2020-05-19T08:47:58.319375,31678.319375,15.810000
736,SRTY,2020-05-19T08:47:59.454827,31679.454827,15.810000
737,SRTY,2020-05-19T08:48:00.568351,31680.568351,15.810000
738,SRTY,2020-05-19T08:48:01.764935,31681.764935,15.800000
739,SRTY,2020-05-19T08:48:02.885312,31682.885312,15.800000
740,SRTY,2020-05-19T08:48:04.005582,31684.005582,15.800000
741,SRTY,2020-05-19T08:48:05.120597,31685.120597,15.790100
742,SRTY,2020-05-19T08:48:06.236832,31686.236832,15.790100
743,SRTY,2020-05-19T08:48:07.357548,31687.357548,15.780000
744,SRTY,2020-05-19T08:48:08.489108,31688.489108,15.780000
745,SRTY,2020-05-19T08:48:09.603577,31689.603577,15.780000
746,SRTY,2020-05-19T08:48:10.736953,31690.736953,15.810000
747,SRTY,2020-05-19T08:48:11.884412,31691.884412,15.810000
748,SRTY,2020-05-19T08:48:13.005717,31693.005717,15.810000
749,SRTY,2020-05-19T08:48:14.143770,31694.14377,15.800100
750,SRTY,2020-05-19T08:48:15.267857,31695.267857,15.800100
751,SRTY,2020-05-19T08:48:16.380607,31696.380607,15.800100
752,SRTY,2020-05-19T08:48:17.494156,31697.494156,15.800100
753,SRTY,2020-05-19T08:48:18.611349,31698.611349,15.800100
754,SRTY,2020-05-19T08:48:19.750278,31699.750278,15.800100
755,SRTY,2020-05-19T08:48:20.863524,31700.863524,15.780000
756,SRTY,2020-05-19T08:48:22.064127,31702.064127,15.770000
757,SRTY,2020-05-19T08:48:23.179254,31703.179254,15.770000
758,SRTY,2020-05-19T08:48:24.285626,31704.285626,15.770000
759,SRTY,2020-05-19T08:48:25.417049,31705.417049,15.770000
760,SRTY,2020-05-19T08:48:26.531130,31706.53113,15.770000
761,SRTY,2020-05-19T08:48:27.652459,31707.652459,15.770000
762,SRTY,2020-05-19T08:48:28.775379,31708.775379,15.770000
763,SRTY,2020-05-19T08:48:29.918579,31709.918579,15.770000
764,SRTY,2020-05-19T08:48:31.050782,31711.050782,15.770000
765,SRTY,2020-05-19T08:48:32.183204,31712.183204,15.770000
766,SRTY,2020-05-19T08:48:33.304498,31713.304498,15.770000
767,SRTY,2020-05-19T08:48:34.407758,31714.407758,15.710000
768,SRTY,2020-05-19T08:48:35.520814,31715.520814,15.710000
769,SRTY,2020-05-19T08:48:36.638081,31716.638081,15.710000
770,SRTY,2020-05-19T08:48:37.755941,31717.755941,15.710000
771,SRTY,2020-05-19T08:48:38.872489,31718.872489,15.710000
772,SRTY,2020-05-19T08:48:40.011991,31720.011991,15.710000
773,SRTY,2020-05-19T08:48:41.224500,31721.2245,15.710000
774,SRTY,2020-05-19T08:48:42.358570,31722.35857,15.710000
775,SRTY,2020-05-19T08:48:43.476606,31723.476606,15.710000
776,SRTY,2020-05-19T08:48:44.636929,31724.636929,15.729900
777,SRTY,2020-05-19T08:48:45.785856,31725.785856,15.729900
778,SRTY,2020-05-19T08:48:46.921853,31726.921853,15.710000
779,SRTY,2020-05-19T08:48:48.041401,31728.041401,15.710000
780,SRTY,2020-05-19T08:48:49.167762,31729.167762,15.720000
781,SRTY,2020-05-19T08:48:50.305199,31730.305199,15.700000
782,SRTY,2020-05-19T08:48:51.428998,31731.428998,15.710000
783,SRTY,2020-05-19T08:48:52.562814,31732.562814,15.710000
784,SRTY,2020-05-19T08:48:53.695494,31733.695494,15.710000
785,SRTY,2020-05-19T08:48:54.823384,31734.823384,15.710000
786,SRTY,2020-05-19T08:48:55.941719,31735.941719,15.710000
787,SRTY,2020-05-19T08:48:57.067479,31737.067479,15.710000
788,SRTY,2020-05-19T08:48:58.183420,31738.18342,15.727800
789,SRTY,2020-05-19T08:48:59.323113,31739.323113,15.720100
790,SRTY,2020-05-19T08:49:00.461219,31740.461219,15.720100
791,SRTY,2020-05-19T08:49:01.621785,31741.621785,15.720100
792,SRTY,2020-05-19T08:49:02.744387,31742.744387,15.740000
793,SRTY,2020-05-19T08:49:03.868368,31743.868368,15.740000
794,SRTY,2020-05-19T08:49:04.979876,31744.979876,15.740000
795,SRTY,2020-05-19T08:49:06.110193,31746.110193,15.740000
796,SRTY,2020-05-19T08:49:07.237992,31747.237992,15.730000
797,SRTY,2020-05-19T08:49:08.371715,31748.371715,15.730000
798,SRTY,2020-05-19T08:49:09.488368,31749.488368,15.730000
799,SRTY,2020-05-19T08:49:10.605047,31750.605047,15.750000
800,SRTY,2020-05-19T08:49:11.739605,31751.739605,15.750000
801,SRTY,2020-05-19T08:49:12.856644,31752.856644,15.750000
802,SRTY,2020-05-19T08:49:13.979239,31753.979239,15.750000
803,SRTY,2020-05-19T08:49:15.100903,31755.100903,15.750000
804,SRTY,2020-05-19T08:49:16.229713,31756.229713,15.750000
805,SRTY,2020-05-19T08:49:17.378709,31757.378709,15.750000
806,SRTY,2020-05-19T08:49:18.663097,31758.663097,15.750000
807,SRTY,2020-05-19T08:49:19.789337,31759.789337,15.750000
808,SRTY,2020-05-19T08:49:20.940622,31760.940622,15.750000
809,SRTY,2020-05-19T08:49:22.078019,31762.078019,15.750000
810,SRTY,2020-05-19T08:49:23.213113,31763.213113,15.750000
811,SRTY,2020-05-19T08:49:24.337257,31764.337257,15.750000
812,SRTY,2020-05-19T08:49:25.464254,31765.464254,15.755000
813,SRTY,2020-05-19T08:49:26.591223,31766.591223,15.755000
814,SRTY,2020-05-19T08:49:27.718077,31767.718077,15.750000
815,SRTY,2020-05-19T08:49:28.832224,31768.832224,15.750000
816,SRTY,2020-05-19T08:49:29.952098,31769.952098,15.750000
817,SRTY,2020-05-19T08:49:31.077243,31771.077243,15.750000
818,SRTY,2020-05-19T08:49:32.268564,31772.268564,15.750000
819,SRTY,2020-05-19T08:49:33.387526,31773.387526,15.750000
820,SRTY,2020-05-19T08:49:34.505842,31774.505842,15.750000
821,SRTY,2020-05-19T08:49:35.621017,31775.621017,15.750000
822,SRTY,2020-05-19T08:49:36.742145,31776.742145,15.750000
823,SRTY,2020-05-19T08:49:37.860663,31777.860663,15.750000
824,SRTY,2020-05-19T08:49:38.985037,31778.985037,15.750000
825,SRTY,2020-05-19T08:49:40.107028,31780.107028,15.750000
826,SRTY,2020-05-19T08:49:41.222924,31781.222924,15.750000
827,SRTY,2020-05-19T08:49:42.344949,31782.344949,15.750000
828,SRTY,2020-05-19T08:49:43.472366,31783.472366,15.750000
829,SRTY,2020-05-19T08:49:44.589478,31784.589478,15.750000
830,SRTY,2020-05-19T08:49:45.703950,31785.70395,15.750000
831,SRTY,2020-05-19T08:49:46.831311,31786.831311,15.790000
832,SRTY,2020-05-19T08:49:47.951117,31787.951117,15.789900
833,SRTY,2020-05-19T08:49:49.065327,31789.065327,15.790100
834,SRTY,2020-05-19T08:49:50.191273,31790.191273,15.790100
835,SRTY,2020-05-19T08:49:51.325394,31791.325394,15.800000
836,SRTY,2020-05-19T08:49:52.443549,31792.443549,15.800000
837,SRTY,2020-05-19T08:49:53.559534,31793.559534,15.815000
838,SRTY,2020-05-19T08:49:54.677727,31794.677727,15.815000
839,SRTY,2020-05-19T08:49:55.795005,31795.795005,15.815000
840,SRTY,2020-05-19T08:49:56.903824,31796.903824,15.795000
841,SRTY,2020-05-19T08:49:58.020246,31798.020246,15.795000
842,SRTY,2020-05-19T08:49:59.162112,31799.162112,15.795000
843,SRTY,2020-05-19T08:50:00.286545,31800.286545,15.795000
844,SRTY,2020-05-19T08:50:01.424414,31801.424414,15.795000
845,SRTY,2020-05-19T08:50:02.540180,31802.54018,15.795000
846,SRTY,2020-05-19T08:50:03.667550,31803.66755,15.795000
847,SRTY,2020-05-19T08:50:04.784482,31804.784482,15.795000
848,SRTY,2020-05-19T08:50:05.904632,31805.904632,15.795000
849,SRTY,2020-05-19T08:50:07.019670,31807.01967,15.800000
850,SRTY,2020-05-19T08:50:08.147194,31808.147194,15.810000
851,SRTY,2020-05-19T08:50:09.268515,31809.268515,15.810000
852,SRTY,2020-05-19T08:50:10.387455,31810.387455,15.810000
853,SRTY,2020-05-19T08:50:11.507408,31811.507408,15.790000
854,SRTY,2020-05-19T08:50:12.621936,31812.621936,15.779900
855,SRTY,2020-05-19T08:50:13.764542,31813.764542,15.779900
856,SRTY,2020-05-19T08:50:14.887399,31814.887399,15.779900
857,SRTY,2020-05-19T08:50:16.008069,31816.008069,15.779900
858,SRTY,2020-05-19T08:50:17.125006,31817.125006,15.810000
859,SRTY,2020-05-19T08:50:18.278220,31818.27822,15.810000
860,SRTY,2020-05-19T08:50:19.401457,31819.401457,15.779300
861,SRTY,2020-05-19T08:50:20.540379,31820.540379,15.779300
862,SRTY,2020-05-19T08:50:21.665680,31821.66568,15.779300
863,SRTY,2020-05-19T08:50:22.879723,31822.879723,15.779300
864,SRTY,2020-05-19T08:50:24.081634,31824.081634,15.779300
865,SRTY,2020-05-19T08:50:25.352790,31825.35279,15.779300
866,SRTY,2020-05-19T08:50:26.479507,31826.479507,15.779300
867,SRTY,2020-05-19T08:50:27.595615,31827.595615,15.779300
868,SRTY,2020-05-19T08:50:28.723027,31828.723027,15.779300
869,SRTY,2020-05-19T08:50:29.840481,31829.840481,15.779300
870,SRTY,2020-05-19T08:50:30.961994,31830.961994,15.779300
871,SRTY,2020-05-19T08:50:32.095389,31832.095389,15.779300
872,SRTY,2020-05-19T08:50:33.226702,31833.226702,15.750100
873,SRTY,2020-05-19T08:50:34.348114,31834.348114,15.750100
874,SRTY,2020-05-19T08:50:35.463587,31835.463587,15.750100
875,SRTY,2020-05-19T08:50:36.584093,31836.584093,15.750100
876,SRTY,2020-05-19T08:50:37.706529,31837.706529,15.750100
877,SRTY,2020-05-19T08:50:38.842508,31838.842508,15.750100
878,SRTY,2020-05-19T08:50:39.967529,31839.967529,15.750100
879,SRTY,2020-05-19T08:50:41.086565,31841.086565,15.740000
880,SRTY,2020-05-19T08:50:42.201912,31842.201912,15.740000
881,SRTY,2020-05-19T08:50:43.325533,31843.325533,15.740000
882,SRTY,2020-05-19T08:50:44.441250,31844.44125,15.740000
883,SRTY,2020-05-19T08:50:45.564830,31845.56483,15.740000
884,SRTY,2020-05-19T08:50:46.680994,31846.680994,15.740000
885,SRTY,2020-05-19T08:50:47.872034,31847.872034,15.720100
886,SRTY,2020-05-19T08:50:48.990353,31848.990353,15.735000
887,SRTY,2020-05-19T08:50:50.108844,31850.108844,15.735000
888,SRTY,2020-05-19T08:50:51.224368,31851.224368,15.735000
889,SRTY,2020-05-19T08:50:52.350493,31852.350493,15.729800
890,SRTY,2020-05-19T08:50:53.474616,31853.474616,15.729800
891,SRTY,2020-05-19T08:50:54.609903,31854.609903,15.729800
892,SRTY,2020-05-19T08:50:55.733253,31855.733253,15.729800
893,SRTY,2020-05-19T08:50:56.860103,31856.860103,15.729800
894,SRTY,2020-05-19T08:50:57.994402,31857.994402,15.729800
895,SRTY,2020-05-19T08:50:59.110452,31859.110452,15.729800
896,SRTY,2020-05-19T08:51:00.227500,31860.2275,15.729800
897,SRTY,2020-05-19T08:51:01.381022,31861.381022,15.729800
898,SRTY,2020-05-19T08:51:02.496679,31862.496679,15.729800
899,SRTY,2020-05-19T08:51:03.613904,31863.613904,15.729800
900,SRTY,2020-05-19T08:51:04.746067,31864.746067,15.729800
901,SRTY,2020-05-19T08:51:05.848925,31865.848925,15.760000
902,SRTY,2020-05-19T08:51:06.964532,31866.964532,15.760000
903,SRTY,2020-05-19T08:51:08.099519,31868.099519,15.780000
904,SRTY,2020-05-19T08:51:09.217794,31869.217794,15.780000
905,SRTY,2020-05-19T08:51:10.333685,31870.333685,15.780000
906,SRTY,2020-05-19T08:51:11.451746,31871.451746,15.780000
907,SRTY,2020-05-19T08:51:12.597271,31872.597271,15.780000
908,SRTY,2020-05-19T08:51:13.718896,31873.718896,15.780000
909,SRTY,2020-05-19T08:51:14.837271,31874.837271,15.780000
910,SRTY,2020-05-19T08:51:15.955720,31875.95572,15.780000
911,SRTY,2020-05-19T08:51:17.069995,31877.069995,15.740000
912,SRTY,2020-05-19T08:51:18.209862,31878.209862,15.740000
913,SRTY,2020-05-19T08:51:19.329956,31879.329956,15.740000
914,SRTY,2020-05-19T08:51:20.447955,31880.447955,15.740000
915,SRTY,2020-05-19T08:51:21.571661,31881.571661,15.740000
916,SRTY,2020-05-19T08:51:22.692406,31882.692406,15.740000
917,SRTY,2020-05-19T08:51:23.817149,31883.817149,15.740000
918,SRTY,2020-05-19T08:51:24.944147,31884.944147,15.760100
919,SRTY,2020-05-19T08:51:26.112114,31886.112114,15.760100
920,SRTY,2020-05-19T08:51:27.228913,31887.228913,15.760100
921,SRTY,2020-05-19T08:51:28.363141,31888.363141,15.760100
922,SRTY,2020-05-19T08:51:29.491936,31889.491936,15.740100
923,SRTY,2020-05-19T08:51:30.619637,31890.619637,15.740100
924,SRTY,2020-05-19T08:51:31.794535,31891.794535,15.740100
925,SRTY,2020-05-19T08:51:32.909482,31892.909482,15.740000
926,SRTY,2020-05-19T08:51:34.031337,31894.031337,15.740000
927,SRTY,2020-05-19T08:51:35.162370,31895.16237,15.740000
928,SRTY,2020-05-19T08:51:36.279825,31896.279825,15.740000
929,SRTY,2020-05-19T08:51:37.399634,31897.399634,15.730100
930,SRTY,2020-05-19T08:51:38.522390,31898.52239,15.730100
931,SRTY,2020-05-19T08:51:39.638297,31899.638297,15.730100
932,SRTY,2020-05-19T08:51:40.766040,31900.76604,15.730100
933,SRTY,2020-05-19T08:51:41.884504,31901.884504,15.730100
934,SRTY,2020-05-19T08:51:43.000061,31903.000061,15.730100
935,SRTY,2020-05-19T08:51:44.116021,31904.116021,15.730100
936,SRTY,2020-05-19T08:51:45.241587,31905.241587,15.730100
937,SRTY,2020-05-19T08:51:46.365394,31906.365394,15.730000
938,SRTY,2020-05-19T08:51:47.482980,31907.48298,15.730000
939,SRTY,2020-05-19T08:51:48.610283,31908.610283,15.720400
940,SRTY,2020-05-19T08:51:49.727857,31909.727857,15.722500
941,SRTY,2020-05-19T08:51:50.852416,31910.852416,15.722500
942,SRTY,2020-05-19T08:51:51.977508,31911.977508,15.700000
943,SRTY,2020-05-19T08:51:53.112888,31913.112888,15.700000
944,SRTY,2020-05-19T08:51:54.237805,31914.237805,15.700000
945,SRTY,2020-05-19T08:51:55.357719,31915.357719,15.700000
946,SRTY,2020-05-19T08:51:56.485783,31916.485783,15.700000
947,SRTY,2020-05-19T08:51:57.612660,31917.61266,15.700000
948,SRTY,2020-05-19T08:51:58.756119,31918.756119,15.700000
949,SRTY,2020-05-19T08:51:59.877394,31919.877394,15.700000
950,SRTY,2020-05-19T08:52:01.002718,31921.002718,15.700000
951,SRTY,2020-05-19T08:52:02.218224,31922.218224,15.700000
952,SRTY,2020-05-19T08:52:03.344369,31923.344369,15.700000
953,SRTY,2020-05-19T08:52:04.460427,31924.460427,15.740000
954,SRTY,2020-05-19T08:52:05.580768,31925.580768,15.740000
955,SRTY,2020-05-19T08:52:06.708129,31926.708129,15.740000
956,SRTY,2020-05-19T08:52:07.828450,31927.82845,15.740000
957,SRTY,2020-05-19T08:52:09.011686,31929.011686,15.740000
958,SRTY,2020-05-19T08:52:10.129838,31930.129838,15.740000
959,SRTY,2020-05-19T08:52:11.246567,31931.246567,15.740000
960,SRTY,2020-05-19T08:52:12.364694,31932.364694,15.740000
961,SRTY,2020-05-19T08:52:13.481830,31933.48183,15.720000
962,SRTY,2020-05-19T08:52:14.597856,31934.597856,15.720000
963,SRTY,2020-05-19T08:52:15.716329,31935.716329,15.720000
964,SRTY,2020-05-19T08:52:16.831404,31936.831404,15.720000
965,SRTY,2020-05-19T08:52:17.941838,31937.941838,15.720000
966,SRTY,2020-05-19T08:52:19.066380,31939.06638,15.720000
967,SRTY,2020-05-19T08:52:20.171797,31940.171797,15.720000
968,SRTY,2020-05-19T08:52:21.292203,31941.292203,15.720000
969,SRTY,2020-05-19T08:52:22.425966,31942.425966,15.720000
970,SRTY,2020-05-19T08:52:23.543751,31943.543751,15.720000
971,SRTY,2020-05-19T08:52:24.669398,31944.669398,15.720000
972,SRTY,2020-05-19T08:52:25.821047,31945.821047,15.720000
973,SRTY,2020-05-19T08:52:26.941505,31946.941505,15.720000
974,SRTY,2020-05-19T08:52:28.065959,31948.065959,15.720000
975,SRTY,2020-05-19T08:52:29.182075,31949.182075,15.720000
976,SRTY,2020-05-19T08:52:30.306026,31950.306026,15.720000
977,SRTY,2020-05-19T08:52:31.464284,31951.464284,15.720000
978,SRTY,2020-05-19T08:52:32.599882,31952.599882,15.720000
979,SRTY,2020-05-19T08:52:33.718768,31953.718768,15.720000
980,SRTY,2020-05-19T08:52:34.835069,31954.835069,15.720000
981,SRTY,2020-05-19T08:52:35.950967,31955.950967,15.720000
982,SRTY,2020-05-19T08:52:37.083070,31957.08307,15.680000
983,SRTY,2020-05-19T08:52:38.211743,31958.211743,15.680000
984,SRTY,2020-05-19T08:52:39.336294,31959.336294,15.680000
985,SRTY,2020-05-19T08:52:40.449729,31960.449729,15.680000
986,SRTY,2020-05-19T08:52:41.571398,31961.571398,15.680000
987,SRTY,2020-05-19T08:52:42.705916,31962.705916,15.663000
988,SRTY,2020-05-19T08:52:43.832805,31963.832805,15.680900
989,SRTY,2020-05-19T08:52:44.947821,31964.947821,15.680900
990,SRTY,2020-05-19T08:52:46.062826,31966.062826,15.680900
991,SRTY,2020-05-19T08:52:47.177421,31967.177421,15.680900
992,SRTY,2020-05-19T08:52:48.341678,31968.341678,15.680900
993,SRTY,2020-05-19T08:52:49.461694,31969.461694,15.680900
994,SRTY,2020-05-19T08:52:50.589529,31970.589529,15.680900
995,SRTY,2020-05-19T08:52:51.719905,31971.719905,15.680900
996,SRTY,2020-05-19T08:52:52.842692,31972.842692,15.680900
997,SRTY,2020-05-19T08:52:53.969011,31973.969011,15.680000
998,SRTY,2020-05-19T08:52:55.087546,31975.087546,15.680000
999,SRTY,2020-05-19T08:52:56.202361,31976.202361,15.698900
1000,SRTY,2020-05-19T08:52:57.329882,31977.329882,15.700000
1001,SRTY,2020-05-19T08:52:58.446386,31978.446386,15.700000
1002,SRTY,2020-05-19T08:52:59.571062,31979.571062,15.700000
1003,SRTY,2020-05-19T08:53:00.691059,31980.691059,15.700000
1004,SRTY,2020-05-19T08:53:01.905252,31981.905252,15.700000
1005,SRTY,2020-05-19T08:53:03.041407,31983.041407,15.700000
1006,SRTY,2020-05-19T08:53:04.175961,31984.175961,15.700000
1007,SRTY,2020-05-19T08:53:05.291313,31985.291313,15.690000
1008,SRTY,2020-05-19T08:53:06.406000,31986.406,15.690000
1009,SRTY,2020-05-19T08:53:07.540957,31987.540957,15.700000
1010,SRTY,2020-05-19T08:53:08.655575,31988.655575,15.700000
1011,SRTY,2020-05-19T08:53:09.775529,31989.775529,15.690000
1012,SRTY,2020-05-19T08:53:10.890066,31990.890066,15.690000
1013,SRTY,2020-05-19T08:53:12.013071,31992.013071,15.690000
1014,SRTY,2020-05-19T08:53:13.113801,31993.113801,15.690000
1015,SRTY,2020-05-19T08:53:14.230261,31994.230261,15.690000
1016,SRTY,2020-05-19T08:53:15.345488,31995.345488,15.690000
1017,SRTY,2020-05-19T08:53:16.465390,31996.46539,15.690000
1018,SRTY,2020-05-19T08:53:17.585123,31997.585123,15.690000
1019,SRTY,2020-05-19T08:53:18.701637,31998.701637,15.690000
1020,SRTY,2020-05-19T08:53:19.828957,31999.828957,15.690000
1021,SRTY,2020-05-19T08:53:20.970062,32000.970062,15.690000
1022,SRTY,2020-05-19T08:53:22.096886,32002.096886,15.690000
1023,SRTY,2020-05-19T08:53:23.231985,32003.231985,15.690000
1024,SRTY,2020-05-19T08:53:24.350573,32004.350573,15.690000
1025,SRTY,2020-05-19T08:53:25.464950,32005.46495,15.690000
1026,SRTY,2020-05-19T08:53:26.593868,32006.593868,15.690000
1027,SRTY,2020-05-19T08:53:27.713441,32007.713441,15.690000
1028,SRTY,2020-05-19T08:53:28.844393,32008.844393,15.690000
1029,SRTY,2020-05-19T08:53:29.967507,32009.967507,15.690000
1030,SRTY,2020-05-19T08:53:31.079345,32011.079345,15.690000
1031,SRTY,2020-05-19T08:53:32.219276,32012.219276,15.690000
1032,SRTY,2020-05-19T08:53:33.347702,32013.347702,15.690000
1033,SRTY,2020-05-19T08:53:34.470582,32014.470582,15.690000
1034,SRTY,2020-05-19T08:53:35.599425,32015.599425,15.690000
1035,SRTY,2020-05-19T08:53:36.723158,32016.723158,15.690000
1036,SRTY,2020-05-19T08:53:37.841123,32017.841123,15.750000
1037,SRTY,2020-05-19T08:53:38.957707,32018.957707,15.750000
1038,SRTY,2020-05-19T08:53:40.074917,32020.074917,15.750000
1039,SRTY,2020-05-19T08:53:41.185146,32021.185146,15.750000
1040,SRTY,2020-05-19T08:53:42.325348,32022.325348,15.750000
1041,SRTY,2020-05-19T08:53:43.440257,32023.440257,15.750000
1042,SRTY,2020-05-19T08:53:44.580384,32024.580384,15.750000
1043,SRTY,2020-05-19T08:53:45.704336,32025.704336,15.750000
1044,SRTY,2020-05-19T08:53:46.846356,32026.846356,15.750000
1045,SRTY,2020-05-19T08:53:47.962275,32027.962275,15.750000
1046,SRTY,2020-05-19T08:53:49.080291,32029.080291,15.750000
1047,SRTY,2020-05-19T08:53:50.215121,32030.215121,15.750000
1048,SRTY,2020-05-19T08:53:51.347142,32031.347142,15.750000
1049,SRTY,2020-05-19T08:53:52.463600,32032.4636,15.710000
1050,SRTY,2020-05-19T08:53:53.581999,32033.581999,15.710000
1051,SRTY,2020-05-19T08:53:54.701447,32034.701447,15.710000
1052,SRTY,2020-05-19T08:53:55.845079,32035.845079,15.710000
1053,SRTY,2020-05-19T08:53:56.969296,32036.969296,15.710000
1054,SRTY,2020-05-19T08:53:58.083741,32038.083741,15.710000
1055,SRTY,2020-05-19T08:53:59.200879,32039.200879,15.710000
1056,SRTY,2020-05-19T08:54:00.318523,32040.318523,15.710000
1057,SRTY,2020-05-19T08:54:01.436769,32041.436769,15.710000
1058,SRTY,2020-05-19T08:54:02.553569,32042.553569,15.710000
1059,SRTY,2020-05-19T08:54:03.680039,32043.680039,15.710000
1060,SRTY,2020-05-19T08:54:04.805566,32044.805566,15.710000
1061,SRTY,2020-05-19T08:54:05.920345,32045.920345,15.738800
1062,SRTY,2020-05-19T08:54:07.039621,32047.039621,15.738800
1063,SRTY,2020-05-19T08:54:08.157729,32048.157729,15.738800
1064,SRTY,2020-05-19T08:54:09.289135,32049.289135,15.738800
1065,SRTY,2020-05-19T08:54:10.407573,32050.407573,15.738800
1066,SRTY,2020-05-19T08:54:11.533596,32051.533596,15.738800
1067,SRTY,2020-05-19T08:54:12.649627,32052.649627,15.718000
1068,SRTY,2020-05-19T08:54:13.775361,32053.775361,15.718000
1069,SRTY,2020-05-19T08:54:14.900587,32054.900587,15.718000
1070,SRTY,2020-05-19T08:54:16.024940,32056.02494,15.718000
1071,SRTY,2020-05-19T08:54:17.159386,32057.159386,15.718000
1072,SRTY,2020-05-19T08:54:18.297032,32058.297032,15.718000
1073,SRTY,2020-05-19T08:54:19.748949,32059.748949,15.718000
1074,SRTY,2020-05-19T08:54:20.948046,32060.948046,15.718000
1075,SRTY,2020-05-19T08:54:22.090599,32062.090599,15.718000
1076,SRTY,2020-05-19T08:54:23.226597,32063.226597,15.718000
1077,SRTY,2020-05-19T08:54:24.446594,32064.446594,15.718000
1078,SRTY,2020-05-19T08:54:25.587242,32065.587242,15.718000
1079,SRTY,2020-05-19T08:54:26.708599,32066.708599,15.718000
1080,SRTY,2020-05-19T08:54:27.831688,32067.831688,15.740000
1081,SRTY,2020-05-19T08:54:28.948965,32068.948965,15.740000
1082,SRTY,2020-05-19T08:54:30.080047,32070.080047,15.740000
1083,SRTY,2020-05-19T08:54:31.204335,32071.204335,15.740000
1084,SRTY,2020-05-19T08:54:32.319515,32072.319515,15.740000
1085,SRTY,2020-05-19T08:54:33.429887,32073.429887,15.740000
1086,SRTY,2020-05-19T08:54:34.545418,32074.545418,15.740000
1087,SRTY,2020-05-19T08:54:35.678385,32075.678385,15.740000
1088,SRTY,2020-05-19T08:54:36.788609,32076.788609,15.740000
1089,SRTY,2020-05-19T08:54:38.058527,32078.058527,15.740000
1090,SRTY,2020-05-19T08:54:39.177760,32079.17776,15.725000
1091,SRTY,2020-05-19T08:54:40.312869,32080.312869,15.730000
1092,SRTY,2020-05-19T08:54:41.451230,32081.45123,15.730000
1093,SRTY,2020-05-19T08:54:42.721833,32082.721833,15.730000
1094,SRTY,2020-05-19T08:54:43.852877,32083.852877,15.730000
1095,SRTY,2020-05-19T08:54:45.184431,32085.184431,15.720000
1096,SRTY,2020-05-19T08:54:46.304506,32086.304506,15.720000
1097,SRTY,2020-05-19T08:54:47.417414,32087.417414,15.720000
1098,SRTY,2020-05-19T08:54:48.562793,32088.562793,15.720000
1099,SRTY,2020-05-19T08:54:49.786147,32089.786147,15.720000
1100,SRTY,2020-05-19T08:54:50.979562,32090.979562,15.720000
1101,SRTY,2020-05-19T08:54:52.107062,32092.107062,15.720000
1102,SRTY,2020-05-19T08:54:53.232796,32093.232796,15.720000
1103,SRTY,2020-05-19T08:54:54.350159,32094.350159,15.720000
1104,SRTY,2020-05-19T08:54:55.475518,32095.475518,15.730000
1105,SRTY,2020-05-19T08:54:56.602012,32096.602012,15.735000
1106,SRTY,2020-05-19T08:54:57.777282,32097.777282,15.735000
1107,SRTY,2020-05-19T08:54:58.934730,32098.93473,15.738000
1108,SRTY,2020-05-19T08:55:00.071527,32100.071527,15.738000
1109,SRTY,2020-05-19T08:55:01.239273,32101.239273,15.738000
1110,SRTY,2020-05-19T08:55:02.383154,32102.383154,15.738000
1111,SRTY,2020-05-19T08:55:03.526994,32103.526994,15.738000
1112,SRTY,2020-05-19T08:55:04.655777,32104.655777,15.738000
1113,SRTY,2020-05-19T08:55:05.965619,32105.965619,15.738000
1114,SRTY,2020-05-19T08:55:07.083954,32107.083954,15.738000
1115,SRTY,2020-05-19T08:55:08.217478,32108.217478,15.738000
1116,SRTY,2020-05-19T08:55:09.475752,32109.475752,15.738000
1117,SRTY,2020-05-19T08:55:10.592551,32110.592551,15.738000
1118,SRTY,2020-05-19T08:55:11.709962,32111.709962,15.690100
1119,SRTY,2020-05-19T08:55:12.849203,32112.849203,15.690100
1120,SRTY,2020-05-19T08:55:13.977589,32113.977589,15.690100
1121,SRTY,2020-05-19T08:55:15.207191,32115.207191,15.690100
1122,SRTY,2020-05-19T08:55:16.325772,32116.325772,15.710000
1123,SRTY,2020-05-19T08:55:17.441476,32117.441476,15.710000
1124,SRTY,2020-05-19T08:55:18.561820,32118.56182,15.710000
1125,SRTY,2020-05-19T08:55:19.669768,32119.669768,15.710000
1126,SRTY,2020-05-19T08:55:20.805216,32120.805216,15.700100
1127,SRTY,2020-05-19T08:55:21.925220,32121.92522,15.700100
1128,SRTY,2020-05-19T08:55:23.158494,32123.158494,15.700100
1129,SRTY,2020-05-19T08:55:24.274555,32124.274555,15.700100
1130,SRTY,2020-05-19T08:55:25.841413,32125.841413,15.700100
1131,SRTY,2020-05-19T08:55:26.985244,32126.985244,15.700100
1132,SRTY,2020-05-19T08:55:28.112099,32128.112099,15.700100
1133,SRTY,2020-05-19T08:55:29.249888,32129.249888,15.700100
1134,SRTY,2020-05-19T08:55:30.387836,32130.387836,15.700100
1135,SRTY,2020-05-19T08:55:31.557834,32131.557834,15.700100
1136,SRTY,2020-05-19T08:55:32.681373,32132.681373,15.700100
1137,SRTY,2020-05-19T08:55:33.820179,32133.820179,15.700100
1138,SRTY,2020-05-19T08:55:34.952955,32134.952955,15.700100
1139,SRTY,2020-05-19T08:55:36.210916,32136.210916,15.705000
1140,SRTY,2020-05-19T08:55:37.503863,32137.503863,15.705000
1141,SRTY,2020-05-19T08:55:38.847608,32138.847608,15.705000
1142,SRTY,2020-05-19T08:55:40.012304,32140.012304,15.695000
1143,SRTY,2020-05-19T08:55:41.173198,32141.173198,15.685000
1144,SRTY,2020-05-19T08:55:42.325496,32142.325496,15.685000
1145,SRTY,2020-05-19T08:55:43.463550,32143.46355,15.685000
1146,SRTY,2020-05-19T08:55:44.634561,32144.634561,15.685000
1147,SRTY,2020-05-19T08:55:45.767475,32145.767475,15.685000
1148,SRTY,2020-05-19T08:55:46.908518,32146.908518,15.685000
1149,SRTY,2020-05-19T08:55:48.030958,32148.030958,15.685000
1150,SRTY,2020-05-19T08:55:49.249832,32149.249832,15.685000
1151,SRTY,2020-05-19T08:55:50.371865,32150.371865,15.680100
1152,SRTY,2020-05-19T08:55:51.549636,32151.549636,15.680100
1153,SRTY,2020-05-19T08:55:52.696088,32152.696088,15.680100
1154,SRTY,2020-05-19T08:55:53.821150,32153.82115,15.690000
1155,SRTY,2020-05-19T08:55:54.935843,32154.935843,15.690000
1156,SRTY,2020-05-19T08:55:56.051289,32156.051289,15.690000
1157,SRTY,2020-05-19T08:55:57.178594,32157.178594,15.690000
1158,SRTY,2020-05-19T08:55:58.304491,32158.304491,15.690000
1159,SRTY,2020-05-19T08:55:59.434013,32159.434013,15.690000
1160,SRTY,2020-05-19T08:56:00.545724,32160.545724,15.690000
1161,SRTY,2020-05-19T08:56:01.720207,32161.720207,15.690000
1162,SRTY,2020-05-19T08:56:02.839583,32162.839583,15.690000
1163,SRTY,2020-05-19T08:56:03.990213,32163.990213,15.685000
1164,SRTY,2020-05-19T08:56:05.117018,32165.117018,15.685000
1165,SRTY,2020-05-19T08:56:06.233914,32166.233914,15.665000
1166,SRTY,2020-05-19T08:56:07.358427,32167.358427,15.660000
1167,SRTY,2020-05-19T08:56:08.510573,32168.510573,15.661500
1168,SRTY,2020-05-19T08:56:09.670263,32169.670263,15.650000
1169,SRTY,2020-05-19T08:56:10.830467,32170.830467,15.650000
1170,SRTY,2020-05-19T08:56:11.962616,32171.962616,15.650000
1171,SRTY,2020-05-19T08:56:13.099830,32173.09983,15.650000
